"Time (UTCG)","EIRP (dBW)","Rcvd. Frequency (GHz)","Rcvd. Iso. Power (dBW)","Flux Density (dBW/m^2)","g/T (dB/K)","C/No (dB*Hz)","Bandwidth (kHz)","C/N (dB)","Eb/No (dB)","BER"
16 Jun 2026 06:32:02.053,-18.782,2.200031,-186.782,-158.477780,-32.959064,8.858156,5000.000,-58.1315,-58.1315,4.993004e-01
16 Jun 2026 06:33:02.000,-19.333,2.200026,-186.550,-158.246027,-32.719444,9.329529,5000.000,-57.6602,-57.6602,4.992614e-01
16 Jun 2026 06:34:02.000,-20.878,2.200019,-187.426,-159.121786,-32.316311,8.856903,5000.000,-58.1328,-58.1328,4.993005e-01
16 Jun 2026 06:35:02.000,-22.943,2.200010,-189.022,-160.717486,-32.071818,7.505696,5000.000,-59.4840,-59.4840,4.994013e-01
16 Jun 2026 06:36:02.000,-24.160,2.200001,-190.052,-161.747817,-32.015730,6.531454,5000.000,-60.4582,-60.4582,4.994648e-01
16 Jun 2026 06:37:02.000,-23.276,2.199991,-189.319,-161.014748,-32.061378,7.218875,5000.000,-59.7708,-59.7708,4.994207e-01
16 Jun 2026 06:38:02.000,-21.241,2.199982,-187.725,-159.421262,-32.284327,8.589412,5000.000,-58.4003,-58.4003,4.993217e-01
16 Jun 2026 06:39:02.000,-19.551,2.199975,-186.689,-158.385214,-32.685860,9.223927,5000.000,-57.7658,-57.7658,4.992703e-01
16 Jun 2026 06:40:02.000,-18.803,2.199969,-186.718,-158.413494,-32.964518,8.916989,5000.000,-58.0727,-58.0727,4.992956e-01
16 Jun 2026 06:40:13.461,-18.782,2.199969,-186.853,-158.548867,-32.972851,8.773283,5000.000,-58.2164,-58.2164,4.993072e-01
16 Jun 2026 08:08:31.957,-18.782,2.200047,-186.806,-158.502008,-32.956350,8.836643,5000.000,-58.1531,-58.1531,4.993021e-01
16 Jun 2026 08:09:31.000,-20.387,2.200046,-187.120,-158.816050,-32.413482,9.065469,5000.000,-57.9242,-57.9242,4.992835e-01
16 Jun 2026 08:10:31.000,-33.938,2.200044,-199.177,-170.872385,-32.194952,-2.772336,5000.000,-69.7620,-69.7620,4.998166e-01
16 Jun 2026 08:11:31.000,-16.265,2.200041,-179.806,-151.501970,-46.030333,2.762698,5000.000,-64.2270,-64.2270,4.996532e-01
16 Jun 2026 08:12:31.000,-6.392,2.200034,-168.083,-139.778937,-24.828709,35.687355,5000.000,-31.3023,-31.3023,4.846467e-01
16 Jun 2026 08:13:31.000,-1.539,2.200022,-161.504,-133.199607,-23.668151,43.427243,5000.000,-23.5625,-23.5625,4.626178e-01
16 Jun 2026 08:14:31.000,-1.038,2.200002,-160.115,-131.811142,-37.479669,31.004190,5000.000,-35.9855,-35.9855,4.910440e-01
16 Jun 2026 08:15:31.000,-1.159,2.199981,-160.855,-132.550511,-25.543336,42.201154,5000.000,-24.7885,-24.7885,4.675274e-01
16 Jun 2026 08:16:31.000,-4.931,2.199967,-166.259,-137.955270,-23.226744,39.112987,5000.000,-27.8767,-27.8767,4.772305e-01
16 Jun 2026 08:17:31.000,-13.435,2.199960,-176.622,-148.318245,-47.641342,4.335414,5000.000,-62.6543,-62.6543,4.995844e-01
16 Jun 2026 08:18:31.000,-40.092,2.199956,-205.015,-176.711042,-32.648846,-9.064887,5000.000,-76.0546,-76.0546,4.999111e-01
16 Jun 2026 08:19:31.000,-21.569,2.199954,-188.027,-159.722706,-32.258508,8.313786,5000.000,-58.6759,-58.6759,4.993429e-01
16 Jun 2026 08:20:31.000,-18.860,2.199953,-186.662,-158.357947,-32.948089,8.988964,5000.000,-58.0007,-58.0007,4.992898e-01
16 Jun 2026 08:20:45.417,-18.782,2.199953,-186.883,-158.578614,-32.975756,8.740631,5000.000,-58.2491,-58.2491,4.993098e-01
16 Jun 2026 09:47:30.835,-18.782,2.200049,-186.841,-158.536898,-32.956860,8.801242,5000.000,-58.1885,-58.1885,4.993050e-01
16 Jun 2026 09:48:30.000,-20.597,2.200049,-187.295,-158.990749,-32.389058,8.915194,5000.000,-58.0745,-58.0745,4.992958e-01
16 Jun 2026 09:49:30.000,-47.381,2.200049,-212.450,-184.146009,-32.398366,-16.249374,5000.000,-83.2391,-83.2391,4.999611e-01
16 Jun 2026 09:50:30.000,-12.957,2.200047,-176.053,-147.749011,-43.102915,9.443075,5000.000,-57.5466,-57.5466,4.992517e-01
16 Jun 2026 09:51:30.000,-2.887,2.200045,-163.536,-135.232146,-22.027632,43.035222,5000.000,-23.9545,-23.9545,4.642629e-01
16 Jun 2026 09:52:30.000,-20.663,2.200037,-178.299,-149.994862,-37.140336,13.159803,5000.000,-53.8299,-53.8299,4.988520e-01
16 Jun 2026 09:53:30.000,5.670,2.200016,-149.083,-120.778527,-22.206175,57.310298,5000.000,-9.6794,-9.6794,3.213136e-01
16 Jun 2026 09:54:30.000,8.972,2.199980,-146.065,-117.761256,-27.936389,54.597356,5000.000,-12.3923,-12.3923,3.670995e-01
16 Jun 2026 09:55:30.000,-6.458,2.199961,-164.524,-136.219826,-30.164101,33.911074,5000.000,-33.0786,-33.0786,4.874852e-01
16 Jun 2026 09:56:30.000,-3.813,2.199955,-164.822,-136.517618,-22.341582,41.435800,5000.000,-25.5539,-25.5539,4.702609e-01
16 Jun 2026 09:57:30.000,-14.585,2.199952,-177.969,-149.664480,-60.070327,-9.439806,5000.000,-76.4295,-76.4295,4.999149e-01
16 Jun 2026 09:58:30.000,-34.333,2.199951,-199.636,-171.332065,-32.155258,-3.192322,5000.000,-70.1820,-70.1820,4.998253e-01
16 Jun 2026 09:59:30.000,-20.166,2.199951,-187.060,-158.755629,-32.530877,9.008495,5000.000,-57.9812,-57.9812,4.992882e-01
16 Jun 2026 10:00:23.117,-18.782,2.199951,-186.881,-158.576829,-32.976194,8.741978,5000.000,-58.2477,-58.2477,4.993097e-01
16 Jun 2026 11:27:17.341,-18.782,2.200049,-186.870,-158.565545,-32.957063,8.772393,5000.000,-58.2173,-58.2173,4.993073e-01
16 Jun 2026 11:28:17.000,-20.589,2.200049,-187.319,-159.014838,-32.409516,8.870647,5000.000,-58.1191,-58.1191,4.992994e-01
16 Jun 2026 11:29:17.000,-44.072,2.200048,-209.195,-180.891023,-32.324830,-12.920853,5000.000,-79.9106,-79.9106,4.999430e-01
16 Jun 2026 11:30:17.000,-13.368,2.200047,-176.558,-148.254298,-47.507003,4.533700,5000.000,-62.4560,-62.4560,4.995748e-01
16 Jun 2026 11:31:17.000,-3.289,2.200044,-164.113,-135.808771,-22.094751,42.391478,5000.000,-24.5982,-24.5982,4.668096e-01
16 Jun 2026 11:32:17.000,-7.666,2.200036,-165.654,-137.350015,-30.467975,32.477011,5000.000,-34.5127,-34.5127,4.893894e-01
16 Jun 2026 11:33:17.000,-1.473,2.200015,-156.883,-128.579118,-29.428871,42.287012,5000.000,-24.7027,-24.7027,4.672055e-01
16 Jun 2026 11:34:17.000,-10.770,2.199982,-166.410,-138.105378,-22.652870,39.536753,5000.000,-27.4529,-27.4529,4.760934e-01
16 Jun 2026 11:35:17.000,-3.546,2.199963,-161.904,-133.600231,-31.009513,35.685257,5000.000,-31.3044,-31.3044,4.846504e-01
16 Jun 2026 11:36:17.000,-4.261,2.199956,-165.408,-137.103667,-22.646653,40.544681,5000.000,-26.4450,-26.4450,4.731561e-01
16 Jun 2026 11:37:17.000,-15.158,2.199953,-178.612,-150.307901,-51.171245,-1.184145,5000.000,-68.1738,-68.1738,4.997798e-01
16 Jun 2026 11:38:17.000,-32.759,2.199952,-198.100,-169.795455,-32.127093,-1.627547,5000.000,-68.6172,-68.6172,4.997908e-01
16 Jun 2026 11:39:17.000,-20.074,2.199951,-186.987,-158.682826,-32.543055,9.069120,5000.000,-57.9206,-57.9206,4.992832e-01
16 Jun 2026 11:40:08.750,-18.782,2.199951,-186.862,-158.557675,-32.976271,8.761054,5000.000,-58.2286,-58.2286,4.993082e-01
16 Jun 2026 13:06:58.906,-18.782,2.200049,-186.884,-158.579587,-32.956862,8.758552,5000.000,-58.2311,-58.2311,4.993084e-01
16 Jun 2026 13:07:58.000,-20.559,2.200049,-187.311,-159.006565,-32.423382,8.865054,5000.000,-58.1246,-58.1246,4.992998e-01
16 Jun 2026 13:08:58.000,-43.425,2.200048,-208.563,-180.258764,-32.306474,-12.270237,5000.000,-79.2599,-79.2599,4.999386e-01
16 Jun 2026 13:09:58.000,-13.346,2.200047,-176.538,-148.233472,-47.537164,4.524365,5000.000,-62.4653,-62.4653,4.995752e-01
16 Jun 2026 13:10:58.000,-3.211,2.200044,-164.005,-135.700531,-22.070729,42.523741,5000.000,-24.4660,-24.4660,4.663016e-01
16 Jun 2026 13:11:58.000,-9.592,2.200037,-167.476,-139.172027,-31.338721,29.784253,5000.000,-37.2054,-37.2054,4.922174e-01
16 Jun 2026 13:12:58.000,6.757,2.200015,-148.409,-120.104919,-36.342689,43.847392,5000.000,-23.1423,-23.1423,4.607709e-01
16 Jun 2026 13:13:58.000,-1.120,2.199981,-156.503,-128.198669,-31.111899,40.984432,5000.000,-26.0053,-26.0053,4.717643e-01
16 Jun 2026 13:14:58.000,-4.358,2.199962,-162.584,-134.280052,-30.228826,35.786123,5000.000,-31.2036,-31.2036,4.844712e-01
16 Jun 2026 13:15:58.000,-4.172,2.199955,-165.259,-136.954826,-22.501037,40.839138,5000.000,-26.1506,-26.1506,4.722319e-01
16 Jun 2026 13:16:58.000,-15.219,2.199953,-178.648,-150.343372,-53.443372,-3.491744,5000.000,-70.4814,-70.4814,4.998312e-01
16 Jun 2026 13:17:58.000,-32.065,2.199952,-197.398,-169.093728,-32.132363,-0.931091,5000.000,-67.9208,-67.9208,4.997733e-01
16 Jun 2026 13:18:58.000,-19.987,2.199951,-186.903,-158.599308,-32.545234,9.150459,5000.000,-57.8392,-57.8392,4.992765e-01
16 Jun 2026 13:19:47.794,-18.782,2.199951,-186.830,-158.525684,-32.975940,8.793377,5000.000,-58.1963,-58.1963,4.993056e-01
16 Jun 2026 14:46:41.811,-18.782,2.200045,-186.878,-158.574054,-32.957778,8.763169,5000.000,-58.2265,-58.2265,4.993080e-01
16 Jun 2026 14:47:41.000,-20.126,2.200043,-187.027,-158.722382,-32.521669,9.050949,5000.000,-57.9388,-57.9388,4.992847e-01
16 Jun 2026 14:48:41.000,-28.171,2.200040,-193.747,-165.442566,-32.002391,2.850043,5000.000,-64.1397,-64.1397,4.996497e-01
16 Jun 2026 14:49:41.000,-21.847,2.200034,-186.024,-157.719498,-35.564309,7.011194,5000.000,-59.9785,-59.9785,4.994344e-01
16 Jun 2026 14:50:41.000,-11.513,2.200026,-174.344,-146.039796,-36.572176,17.683029,5000.000,-49.3067,-49.3067,4.980676e-01
16 Jun 2026 14:51:41.000,-6.891,2.200013,-168.713,-140.408931,-25.694914,34.191156,5000.000,-32.7985,-32.7985,4.870753e-01
16 Jun 2026 14:52:41.000,-5.877,2.199997,-167.416,-139.111428,-24.194475,36.989097,5000.000,-30.0006,-30.0006,4.821659e-01
16 Jun 2026 14:53:41.000,-8.296,2.199982,-170.434,-142.129842,-27.942389,30.222770,5000.000,-36.7669,-36.7669,4.918144e-01
16 Jun 2026 14:54:41.000,-14.732,2.199970,-178.049,-149.744605,-69.461127,-18.910731,5000.000,-85.9004,-85.9004,4.999714e-01
16 Jun 2026 14:55:41.000,-33.134,2.199963,-197.839,-169.535067,-33.146247,-2.386313,5000.000,-69.3760,-69.3760,4.998083e-01
16 Jun 2026 14:56:41.000,-22.982,2.199959,-189.066,-160.761653,-32.071477,7.461871,5000.000,-59.5278,-59.5278,4.994043e-01
16 Jun 2026 14:57:41.000,-19.155,2.199957,-186.521,-158.216965,-32.799039,9.278996,5000.000,-57.7107,-57.7107,4.992657e-01
16 Jun 2026 14:58:13.605,-18.782,2.199956,-186.796,-158.491937,-32.973977,8.829087,5000.000,-58.1606,-58.1606,4.993027e-01
16 Jun 2026 16:28:40.910,-18.782,2.200015,-186.820,-158.516225,-32.963571,8.815205,5000.000,-58.1745,-58.1745,4.993039e-01
16 Jun 2026 16:29:40.000,-18.863,2.200008,-186.582,-158.277640,-32.926480,9.090880,5000.000,-57.8988,-57.8988,4.992814e-01
16 Jun 2026 16:30:40.000,-18.933,2.200001,-186.524,-158.219910,-32.894419,9.180672,5000.000,-57.8090,-57.8090,4.992739e-01
16 Jun 2026 16:31:40.000,-18.868,2.199993,-186.557,-158.252705,-32.922303,9.119992,5000.000,-57.8697,-57.8697,4.992790e-01
16 Jun 2026 16:32:40.000,-18.783,2.199985,-186.770,-158.466070,-32.968125,8.860806,5000.000,-58.1289,-58.1289,4.993002e-01
16 Jun 2026 16:32:41.925,-18.782,2.199985,-186.783,-158.478441,-32.968674,8.847885,5000.000,-58.1418,-58.1418,4.993012e-01

